<?xml version="1.0" encoding="utf-8" ?>
<dwsync>
<file name="user_cad.php" server="C:/wamp64/www/login_final/" local="131922200881951834" remote="131922200880000000" Dst="2" />
<file name="delete_users.php" server="C:/wamp64/www/login_final/" local="131922210261757142" remote="131922210260000000" Dst="2" />
<file name="update_users.php" server="C:/wamp64/www/login_final/" local="131922174444755663" remote="131922174440000000" Dst="2" />
<file name="usuarios.php" server="C:/wamp64/www/login_final/" local="131922039702650417" remote="131922039700000000" Dst="2" />
<file name="delete.php" server="C:/wamp64/www/login_final/" local="131922216118114617" remote="131922216110000000" Dst="2" />
<file name="pesquisar_date.php" server="C:/wamp64/www/login_final/" local="131922029841714537" remote="131922029840000000" Dst="2" />
<file name="update_envio.php" server="C:/wamp64/www/login_final/" local="131922039249409544" remote="131922039240000000" Dst="2" />
<file name="recusar.php" server="C:/wamp64/www/login_final/" local="131922034383904546" remote="131922034380000000" Dst="2" />
<file name="confirmar.php" server="C:/wamp64/www/login_final/" local="131922022472818199" remote="131922022470000000" Dst="2" />
<file name="solicitados.php" server="C:/wamp64/www/login_final/" local="131922019545833385" remote="131922019540000000" Dst="2" />
</dwsync>